first_name,last_name,email,username,password
Mordecai,Realff,mrealff0@jalbum.net,mrealff0,SyWBr7MIOov
Claus,Linbohm,clinbohm1@jimdo.com,clinbohm1,BGXYlPuL3z
Cristiano,Scarrott,cscarrott2@delicious.com,cscarrott2,KcpNxr0efO
Edvard,Karpenya,ekarpenya3@jimdo.com,ekarpenya3,htkQvYHFFXM6
Marcello,Crippes,mcrippes4@163.com,mcrippes4,POLEer9a8l
Bale,Bucknell,bbucknell5@addtoany.com,bbucknell5,qktmcH9Wt
Maxy,Gherarducci,mgherarducci6@last.fm,mgherarducci6,INGoTw6
Dore,Hankin,dhankin7@amazon.co.jp,dhankin7,q0bV0vXt
Adena,Sidden,asidden8@free.fr,asidden8,YyQqxbDCSd
Linoel,Biaggi,lbiaggi9@e-recht24.de,lbiaggi9,5pZWSA8pjr
willie,hunt,whunt12@yahoo.com,whunt,1234
